insert into Dostawca (Id_producenta, Nazwa_producenta, Adres_producenta, NIP_producenta, Data_podpisania_umowy_z_producentem) values (1, 'Oyoloo', '7955 Waywood Hill', '1010000864', '2020-11-11');
insert into Dostawca (Id_producenta, Nazwa_producenta, Adres_producenta, NIP_producenta, Data_podpisania_umowy_z_producentem) values (2, 'Zoomcast', '2751 Bellgrove Hill', '1070005173', '2019-05-25');
insert into Dostawca (Id_producenta, Nazwa_producenta, Adres_producenta, NIP_producenta, Data_podpisania_umowy_z_producentem) values (3, 'Janyx', '98117 Texas Crossing', '1070009900', '2019-07-26');
insert into Dostawca (Id_producenta, Nazwa_producenta, Adres_producenta, NIP_producenta, Data_podpisania_umowy_z_producentem) values (4, 'Latz', '9 Ohio Avenue', '2220763876', '2018-06-28');
insert into Dostawca (Id_producenta, Nazwa_producenta, Adres_producenta, NIP_producenta, Data_podpisania_umowy_z_producentem) values (5, 'Bubblemix', '43 Nelson Drive', '5213715458', '2019-12-06');
insert into Dostawca (Id_producenta, Nazwa_producenta, Adres_producenta, NIP_producenta, Data_podpisania_umowy_z_producentem) values (6, 'Livepath', '1048 Jenifer Alley', '5242521745', '2020-02-24');
insert into Dostawca (Id_producenta, Nazwa_producenta, Adres_producenta, NIP_producenta, Data_podpisania_umowy_z_producentem) values (7, 'Tavu', '51361 John Wall Alley', '1132145606', '2019-06-14');
insert into Dostawca (Id_producenta, Nazwa_producenta, Adres_producenta, NIP_producenta, Data_podpisania_umowy_z_producentem) values (8, 'Chatterpoint', '57414 Holy Cross Way', '4990580109', '2019-12-27');
insert into Dostawca (Id_producenta, Nazwa_producenta, Adres_producenta, NIP_producenta, Data_podpisania_umowy_z_producentem) values (9, 'Mybuzz', '17080 Eastlawn Avenue', '5213548256', '2020-04-04');
insert into Dostawca (Id_producenta, Nazwa_producenta, Adres_producenta, NIP_producenta, Data_podpisania_umowy_z_producentem) values (10, 'Centizu', '2583 International Center', '9930398616', '2018-11-22');

  insert into Produkt (Id_produktu, Id_producenta, Nazwa_produktu, Opis_produktu, cena_netto_zakupu, cena_brutto_zakupu, cena_netto_sprzedaży, cena_brutto_sprzedaży, Procent_VAT_sprzedaży) values (1, 9, 'Bluzka z krótkim rękawem', 'Czarna, Bawełna 100%', 32.47, 39.9381, 51.91953, 63.8610219, 23);
  insert into Produkt (Id_produktu, Id_producenta, Nazwa_produktu, Opis_produktu, cena_netto_zakupu, cena_brutto_zakupu, cena_netto_sprzedaży, cena_brutto_sprzedaży, Procent_VAT_sprzedaży) values (2, 5, 'Sukienka z długim rękawem', 'Czarna, Bawełna 90%, Poliester 10%', 94.16, 115.8168, 150.56184, 185.1910632, 23);
  insert into Produkt (Id_produktu, Id_producenta, Nazwa_produktu, Opis_produktu, cena_netto_zakupu, cena_brutto_zakupu, cena_netto_sprzedaży, cena_brutto_sprzedaży, Procent_VAT_sprzedaży) values (3, 5, 'Sweter z długim rękawem', 'Biały, Wełna 100%', 167.41, 205.9143, 267.68859, 329.2569657, 23);
  insert into Produkt (Id_produktu, Id_producenta, Nazwa_produktu, Opis_produktu, cena_netto_zakupu, cena_brutto_zakupu, cena_netto_sprzedaży, cena_brutto_sprzedaży, Procent_VAT_sprzedaży) values (4, 7, 'Sukienka bez rękawów', 'Pomarańczowa, Wiskoza', 75.58, 92.9634, 120.85242, 148.6484766, 23);
  insert into Produkt (Id_produktu, Id_producenta, Nazwa_produktu, Opis_produktu, cena_netto_zakupu, cena_brutto_zakupu, cena_netto_sprzedaży, cena_brutto_sprzedaży, Procent_VAT_sprzedaży) values (5, 5, 'Kurtka letnia', 'Biała, Jeansowa', 279.73, 344.0679, 447.28827, 550.1645721, 23);
  insert into Produkt (Id_produktu, Id_producenta, Nazwa_produktu, Opis_produktu, cena_netto_zakupu, cena_brutto_zakupu, cena_netto_sprzedaży, cena_brutto_sprzedaży, Procent_VAT_sprzedaży) values (6, 3, 'Rękawiczki', 'Brązowe, skórzane', 32.79, 40.3317, 52.43121, 64.4903883, 23);
  insert into Produkt (Id_produktu, Id_producenta, Nazwa_produktu, Opis_produktu, cena_netto_zakupu, cena_brutto_zakupu, cena_netto_sprzedaży, cena_brutto_sprzedaży, Procent_VAT_sprzedaży) values (7, 5, 'Bluzka z krótkim rękawem', 'Biała, Wiskoza', 72.06, 88.6338, 115.22394, 141.7254462, 23);
  insert into Produkt (Id_produktu, Id_producenta, Nazwa_produktu, Opis_produktu, cena_netto_zakupu, cena_brutto_zakupu, cena_netto_sprzedaży, cena_brutto_sprzedaży, Procent_VAT_sprzedaży) values (8, 4, 'Bluzka z krótkim rękawem', 'Czarna, Wiskoza', 67.72, 83.2956, 108.28428, 133.1896644, 23);
  insert into Produkt (Id_produktu, Id_producenta, Nazwa_produktu, Opis_produktu, cena_netto_zakupu, cena_brutto_zakupu, cena_netto_sprzedaży, cena_brutto_sprzedaży, Procent_VAT_sprzedaży) values (9, 1, 'Spodnie długie', 'Granatowe, Bawełna, Elastan', 111.26, 136.8498, 177.90474, 218.8228302, 23);
  insert into Produkt (Id_produktu, Id_producenta, Nazwa_produktu, Opis_produktu, cena_netto_zakupu, cena_brutto_zakupu, cena_netto_sprzedaży, cena_brutto_sprzedaży, Procent_VAT_sprzedaży) values (10, 1, 'Spodnie krótkie', 'Granatowe, Bawełna, Elastan', 86.09, 105.8907, 137.65791, 169.3192293, 23);
  insert into Produkt (Id_produktu, Id_producenta, Nazwa_produktu, Opis_produktu, cena_netto_zakupu, cena_brutto_zakupu, cena_netto_sprzedaży, cena_brutto_sprzedaży, Procent_VAT_sprzedaży) values (11, 10, 'Spodnie krótkie', 'Czarne, Bawełna, Elastan', 118.47, 145.7181, 189.43353, 233.0032419, 23);
  insert into Produkt (Id_produktu, Id_producenta, Nazwa_produktu, Opis_produktu, cena_netto_zakupu, cena_brutto_zakupu, cena_netto_sprzedaży, cena_brutto_sprzedaży, Procent_VAT_sprzedaży) values (12, 1, 'Płaszcz', 'Beżowy, Wełna + Bawełna', 330.37, 406.3551, 528.26163, 649.7618049, 23);
  insert into Produkt (Id_produktu, Id_producenta, Nazwa_produktu, Opis_produktu, cena_netto_zakupu, cena_brutto_zakupu, cena_netto_sprzedaży, cena_brutto_sprzedaży, Procent_VAT_sprzedaży) values (13, 2, 'Spodnie 3/4', 'Granatowe, Bawełna, Elastan', 137.66, 169.3218, 220.11834, 270.7455582, 23);
  insert into Produkt (Id_produktu, Id_producenta, Nazwa_produktu, Opis_produktu, cena_netto_zakupu, cena_brutto_zakupu, cena_netto_sprzedaży, cena_brutto_sprzedaży, Procent_VAT_sprzedaży) values (14, 2, 'Spódnica plisowana', 'Brązowa, Poliester', 134.07, 164.9061, 214.37793, 263.6848539, 23);
  insert into Produkt (Id_produktu, Id_producenta, Nazwa_produktu, Opis_produktu, cena_netto_zakupu, cena_brutto_zakupu, cena_netto_sprzedaży, cena_brutto_sprzedaży, Procent_VAT_sprzedaży) values (15, 1, 'Bluzka z dekoltem w serek', 'Biała, Poliester', 57.92, 71.2416, 92.61408, 113.9153184, 23);
  insert into Produkt (Id_produktu, Id_producenta, Nazwa_produktu, Opis_produktu, cena_netto_zakupu, cena_brutto_zakupu, cena_netto_sprzedaży, cena_brutto_sprzedaży, Procent_VAT_sprzedaży) values (16, 4, 'Koszula', 'Biała, bawełna 100%', 79.87, 98.2401, 127.71213, 157.0859199, 23);
  insert into Produkt (Id_produktu, Id_producenta, Nazwa_produktu, Opis_produktu, cena_netto_zakupu, cena_brutto_zakupu, cena_netto_sprzedaży, cena_brutto_sprzedaży, Procent_VAT_sprzedaży) values (17, 8, 'Kurtka zimowa', 'Granatowa, wypełnienie syntetyczne', 339.4, 417.462, 542.7006, 667.521738, 23);
  insert into Produkt (Id_produktu, Id_producenta, Nazwa_produktu, Opis_produktu, cena_netto_zakupu, cena_brutto_zakupu, cena_netto_sprzedaży, cena_brutto_sprzedaży, Procent_VAT_sprzedaży) values (18, 5, 'Sweter długi', 'Bordowy, Wełna', 225.27, 277.0821, 360.20673, 443.0542779, 23);
  insert into Produkt (Id_produktu, Id_producenta, Nazwa_produktu, Opis_produktu, cena_netto_zakupu, cena_brutto_zakupu, cena_netto_sprzedaży, cena_brutto_sprzedaży, Procent_VAT_sprzedaży) values (19, 5, 'T-shirt z krótkim rękawem', 'Biały, Bawełna', 34.13, 41.9799, 54.57387, 67.1258601, 23);
  insert into Produkt (Id_produktu, Id_producenta, Nazwa_produktu, Opis_produktu, cena_netto_zakupu, cena_brutto_zakupu, cena_netto_sprzedaży, cena_brutto_sprzedaży, Procent_VAT_sprzedaży) values (20, 5, 'Poncho', 'Czarne, Wełna', 291.56, 358.6188, 466.20444, 573.4314612, 23);
  insert into Produkt (Id_produktu, Id_producenta, Nazwa_produktu, Opis_produktu, cena_netto_zakupu, cena_brutto_zakupu, cena_netto_sprzedaży, cena_brutto_sprzedaży, Procent_VAT_sprzedaży) values (21, 1, 'Kamizelka', 'Czarna, Wełna', 90.32, 111.0936, 144.42168, 177.6386664, 23);
  insert into Produkt (Id_produktu, Id_producenta, Nazwa_produktu, Opis_produktu, cena_netto_zakupu, cena_brutto_zakupu, cena_netto_sprzedaży, cena_brutto_sprzedaży, Procent_VAT_sprzedaży) values (22, 9, 'Rajstopy 3 pak.', 'Białe, czarne, szare', 70.39, 86.5797, 112.55361, 138.4409403, 23);
  insert into Produkt (Id_produktu, Id_producenta, Nazwa_produktu, Opis_produktu, cena_netto_zakupu, cena_brutto_zakupu, cena_netto_sprzedaży, cena_brutto_sprzedaży, Procent_VAT_sprzedaży) values (23, 2, 'Czapka z pomponem', 'Czarna, bawełna', 104.99, 129.1377, 167.87901, 206.4911823, 23);
  insert into Produkt (Id_produktu, Id_producenta, Nazwa_produktu, Opis_produktu, cena_netto_zakupu, cena_brutto_zakupu, cena_netto_sprzedaży, cena_brutto_sprzedaży, Procent_VAT_sprzedaży) values (24, 2, 'Spódnica krótka', 'Czarna, Wiskoza', 40.23, 49.4829, 64.32777, 79.1231571, 23);
  insert into Produkt (Id_produktu, Id_producenta, Nazwa_produktu, Opis_produktu, cena_netto_zakupu, cena_brutto_zakupu, cena_netto_sprzedaży, cena_brutto_sprzedaży, Procent_VAT_sprzedaży) values (25, 8, 'Spódnica długa', 'Czerwona, Bawełna', 214.97, 264.4131, 343.73703, 422.7965469, 23);
  insert into Produkt (Id_produktu, Id_producenta, Nazwa_produktu, Opis_produktu, cena_netto_zakupu, cena_brutto_zakupu, cena_netto_sprzedaży, cena_brutto_sprzedaży, Procent_VAT_sprzedaży) values (26, 6, 'Szal', 'Kaszmir 100%', 217.12, 267.0576, 347.17488, 427.0251024, 23);
  insert into Produkt (Id_produktu, Id_producenta, Nazwa_produktu, Opis_produktu, cena_netto_zakupu, cena_brutto_zakupu, cena_netto_sprzedaży, cena_brutto_sprzedaży, Procent_VAT_sprzedaży) values (27, 1, 'Rękawiczki', 'Czarne, skórzane', 76.22, 93.7506, 121.87578, 149.9072094, 23);
  insert into Produkt (Id_produktu, Id_producenta, Nazwa_produktu, Opis_produktu, cena_netto_zakupu, cena_brutto_zakupu, cena_netto_sprzedaży, cena_brutto_sprzedaży, Procent_VAT_sprzedaży) values (28, 9, 'Sweter', 'Kaszmir 100%', 331.74, 408.0402, 530.45226, 652.4562798, 23);
  insert into Produkt (Id_produktu, Id_producenta, Nazwa_produktu, Opis_produktu, cena_netto_zakupu, cena_brutto_zakupu, cena_netto_sprzedaży, cena_brutto_sprzedaży, Procent_VAT_sprzedaży) values (29, 4, 'Jeansy', 'Jasno niebieskie, Jeans', 153.41, 188.6943, 245.30259, 301.7221857, 23);
  insert into Produkt (Id_produktu, Id_producenta, Nazwa_produktu, Opis_produktu, cena_netto_zakupu, cena_brutto_zakupu, cena_netto_sprzedaży, cena_brutto_sprzedaży, Procent_VAT_sprzedaży) values (30, 6, 'Jeansy', 'Białe, Jeans', 113.59, 139.7157, 181.63041, 223.4054043, 23);

    insert into Zamówienie (Id_zamówienia, Id_klienta, Id_produktu, Data_zamówienia) values (1, 23, 30, '2020-02-12');
    insert into Zamówienie (Id_zamówienia, Id_klienta, Id_produktu, Data_zamówienia) values (2, 20, 13, '2020-08-09');
    insert into Zamówienie (Id_zamówienia, Id_klienta, Id_produktu, Data_zamówienia) values (3, 15, 1, '2020-07-20');
    insert into Zamówienie (Id_zamówienia, Id_klienta, Id_produktu, Data_zamówienia) values (4, 27, 11, '2020-05-17');
    insert into Zamówienie (Id_zamówienia, Id_klienta, Id_produktu, Data_zamówienia) values (5, 13, 3, '2020-06-02');
    insert into Zamówienie (Id_zamówienia, Id_klienta, Id_produktu, Data_zamówienia) values (6, 26, 8, '2020-10-19');
    insert into Zamówienie (Id_zamówienia, Id_klienta, Id_produktu, Data_zamówienia) values (7, 18, 26, '2020-01-08');
    insert into Zamówienie (Id_zamówienia, Id_klienta, Id_produktu, Data_zamówienia) values (8, 28, 16, '2020-04-16');
    insert into Zamówienie (Id_zamówienia, Id_klienta, Id_produktu, Data_zamówienia) values (9, 18, 28, '2020-03-04');
    insert into Zamówienie (Id_zamówienia, Id_klienta, Id_produktu, Data_zamówienia) values (10, 15, 9, '2020-09-14');
    insert into Zamówienie (Id_zamówienia, Id_klienta, Id_produktu, Data_zamówienia) values (11, 29, 29, '2020-03-29');
    insert into Zamówienie (Id_zamówienia, Id_klienta, Id_produktu, Data_zamówienia) values (12, 19, 18, '2020-09-09');
    insert into Zamówienie (Id_zamówienia, Id_klienta, Id_produktu, Data_zamówienia) values (13, 5, 1, '2020-06-10');
    insert into Zamówienie (Id_zamówienia, Id_klienta, Id_produktu, Data_zamówienia) values (14, 16, 18, '2020-11-15');
    insert into Zamówienie (Id_zamówienia, Id_klienta, Id_produktu, Data_zamówienia) values (15, 27, 23, '2020-10-08');
    insert into Zamówienie (Id_zamówienia, Id_klienta, Id_produktu, Data_zamówienia) values (16, 9, 25, '2020-10-20');
    insert into Zamówienie (Id_zamówienia, Id_klienta, Id_produktu, Data_zamówienia) values (17, 20, 4, '2020-02-15');
    insert into Zamówienie (Id_zamówienia, Id_klienta, Id_produktu, Data_zamówienia) values (18, 23, 6, '2020-05-06');
    insert into Zamówienie (Id_zamówienia, Id_klienta, Id_produktu, Data_zamówienia) values (19, 1, 9, '2020-10-20');
    insert into Zamówienie (Id_zamówienia, Id_klienta, Id_produktu, Data_zamówienia) values (20, 27, 1, '2020-09-29');
    insert into Zamówienie (Id_zamówienia, Id_klienta, Id_produktu, Data_zamówienia) values (21, 20, 29, '2020-07-04');
    insert into Zamówienie (Id_zamówienia, Id_klienta, Id_produktu, Data_zamówienia) values (22, 18, 1, '2020-07-26');
    insert into Zamówienie (Id_zamówienia, Id_klienta, Id_produktu, Data_zamówienia) values (23, 1, 3, '2020-11-02');
    insert into Zamówienie (Id_zamówienia, Id_klienta, Id_produktu, Data_zamówienia) values (24, 6, 5, '2020-05-22');
    insert into Zamówienie (Id_zamówienia, Id_klienta, Id_produktu, Data_zamówienia) values (25, 18, 20, '2020-06-23');
    insert into Zamówienie (Id_zamówienia, Id_klienta, Id_produktu, Data_zamówienia) values (26, 5, 3, '2020-01-20');
    insert into Zamówienie (Id_zamówienia, Id_klienta, Id_produktu, Data_zamówienia) values (27, 6, 12, '2020-10-06');
    insert into Zamówienie (Id_zamówienia, Id_klienta, Id_produktu, Data_zamówienia) values (28, 12, 22, '2020-01-13');
    insert into Zamówienie (Id_zamówienia, Id_klienta, Id_produktu, Data_zamówienia) values (29, 9, 30, '2020-05-16');
    insert into Zamówienie (Id_zamówienia, Id_klienta, Id_produktu, Data_zamówienia) values (30, 29, 4, '2020-03-26');
    insert into Zamówienie (Id_zamówienia, Id_klienta, Id_produktu, Data_zamówienia) values (31, 30, 15, '2020-07-15');
    insert into Zamówienie (Id_zamówienia, Id_klienta, Id_produktu, Data_zamówienia) values (32, 8, 13, '2020-07-15');
    insert into Zamówienie (Id_zamówienia, Id_klienta, Id_produktu, Data_zamówienia) values (33, 17, 2, '2020-01-24');
    insert into Zamówienie (Id_zamówienia, Id_klienta, Id_produktu, Data_zamówienia) values (34, 5, 9, '2020-08-20');
    insert into Zamówienie (Id_zamówienia, Id_klienta, Id_produktu, Data_zamówienia) values (35, 11, 12, '2020-04-03');
    insert into Zamówienie (Id_zamówienia, Id_klienta, Id_produktu, Data_zamówienia) values (36, 5, 25, '2020-09-04');
    insert into Zamówienie (Id_zamówienia, Id_klienta, Id_produktu, Data_zamówienia) values (37, 12, 18, '2020-03-20');
    insert into Zamówienie (Id_zamówienia, Id_klienta, Id_produktu, Data_zamówienia) values (38, 19, 3, '2020-05-25');
    insert into Zamówienie (Id_zamówienia, Id_klienta, Id_produktu, Data_zamówienia) values (39, 27, 26, '2020-09-03');
    insert into Zamówienie (Id_zamówienia, Id_klienta, Id_produktu, Data_zamówienia) values (40, 9, 17, '2020-04-06');

      insert into Klient (Id_klienta, Imię, Nazwisko, Adres) values (1, 'Minna', 'Oxterby', '0 Tennessee Alley');
      insert into Klient (Id_klienta, Imię, Nazwisko, Adres) values (2, 'Vonny', 'Freke', '50 Anthes Plaza');
      insert into Klient (Id_klienta, Imię, Nazwisko, Adres) values (3, 'Jameson', 'Withey', '725 Northport Junction');
      insert into Klient (Id_klienta, Imię, Nazwisko, Adres) values (4, 'Ciel', 'Monnelly', '8 Lake View Parkway');
      insert into Klient (Id_klienta, Imię, Nazwisko, Adres) values (5, 'Lindsay', 'Catling', '605 Hollow Ridge Plaza');
      insert into Klient (Id_klienta, Imię, Nazwisko, Adres) values (6, 'Consolata', 'Pennoni', '6 Monterey Point');
      insert into Klient (Id_klienta, Imię, Nazwisko, Adres) values (7, 'Torrey', 'Celle', '51 Northfield Lane');
      insert into Klient (Id_klienta, Imię, Nazwisko, Adres) values (8, 'Harold', 'Skillington', '58782 Oak Parkway');
      insert into Klient (Id_klienta, Imię, Nazwisko, Adres) values (9, 'Ignacius', 'Arling', '2 Park Meadow Parkway');
      insert into Klient (Id_klienta, Imię, Nazwisko, Adres) values (10, 'Kristy', 'Scarlan', '0 Doe Crossing Avenue');
      insert into Klient (Id_klienta, Imię, Nazwisko, Adres) values (11, 'Neil', 'Cracie', '06 Bluestem Center');
      insert into Klient (Id_klienta, Imię, Nazwisko, Adres) values (12, 'Dollie', 'Glaisner', '7 Lake View Pass');
      insert into Klient (Id_klienta, Imię, Nazwisko, Adres) values (13, 'Antonio', 'Secret', '14 Center Terrace');
      insert into Klient (Id_klienta, Imię, Nazwisko, Adres) values (14, 'Jake', 'Spincks', '79005 Logan Park');
      insert into Klient (Id_klienta, Imię, Nazwisko, Adres) values (15, 'Cornie', 'Braam', '100 Summer Ridge Drive');
      insert into Klient (Id_klienta, Imię, Nazwisko, Adres) values (16, 'Harp', 'Kielt', '5 Judy Trail');
      insert into Klient (Id_klienta, Imię, Nazwisko, Adres) values (17, 'Brooke', 'Somersett', '27 Maryland Place');
      insert into Klient (Id_klienta, Imię, Nazwisko, Adres) values (18, 'Marjie', 'Gubbin', '9 Hintze Hill');
      insert into Klient (Id_klienta, Imię, Nazwisko, Adres) values (19, 'Dniren', 'Abramowitch', '2 Towne Circle');
      insert into Klient (Id_klienta, Imię, Nazwisko, Adres) values (20, 'Myrtle', 'Pestell', '3 Stang Plaza');
      insert into Klient (Id_klienta, Imię, Nazwisko, Adres) values (21, 'Bernardine', 'Smickle', '56732 Golden Leaf Center');
      insert into Klient (Id_klienta, Imię, Nazwisko, Adres) values (22, 'Derry', 'Braams', '4752 Morningstar Lane');
      insert into Klient (Id_klienta, Imię, Nazwisko, Adres) values (23, 'Meridith', 'Rutley', '92798 Welch Hill');
      insert into Klient (Id_klienta, Imię, Nazwisko, Adres) values (24, 'Malia', 'Aneley', '04289 Donald Terrace');
      insert into Klient (Id_klienta, Imię, Nazwisko, Adres) values (25, 'Masha', 'Strutt', '3447 Logan Alley');
      insert into Klient (Id_klienta, Imię, Nazwisko, Adres) values (26, 'Mal', 'Dellar', '3218 Delaware Road');
      insert into Klient (Id_klienta, Imię, Nazwisko, Adres) values (27, 'Isaak', 'McLagan', '9246 Bartillon Lane');
      insert into Klient (Id_klienta, Imię, Nazwisko, Adres) values (28, 'Bambi', 'Willmott', '7205 Ridgeway Place');
      insert into Klient (Id_klienta, Imię, Nazwisko, Adres) values (29, 'Kev', 'Louch', '207 Barby Park');
      insert into Klient (Id_klienta, Imię, Nazwisko, Adres) values (30, 'Tobey', 'Geck', '12370 Westend Hill');
